{"Type": "continuousInfiniteImpulseResponse", "NumeratorCoefficient": [-0.0390363981359142, 33.757153715656905, -19885.316996266472, 6438406.446715004, -3393935.0343665937, -153413.49569095465, -6432435.782627554, 3054910.7994342386], "NumeratorCoefficientUncer": [0.00263741959609204, 0.44067531409365557, 103.62271328492537, 669.3211844323055, 10696.985984677896, 1175.4446770858212, 166.49262512767476, 63.04867716543589], "DenominatorCoefficient": [1.0, 355.71312411329353, 71865.0549555276, 6361231.000893481, -2555989.827509468, 102273.7056894448, 6653441.79607152, -3131762.121881147], "DenominatorCoefficientUncer": [0.006155626707657885, 0.7204094115711549, 126.71888187467731, 667.2650607383113, 10754.485629101307, 1047.1297862214142, 183.26742215351885, 61.54211676108458], "CalibratedRange": [4.0, 250.0], "CalibratedRangeUnit": "Hz"}